duration_Responder,duration_AED,duration_vector
42.7,413.2,547.0
89.8,272.70000000000005,509.0
27.8,417.29999999999995,759.0
152.2,405.1,702.0
186.8,315.90000000000003,530.0
85.8,290.79999999999995,541.0
393.9,1127.4,369.0
164.3,615.9,415.0
